##
#  converted from the planet world cup page/style to Football.TXT
#    for source, see https://www.planetworldcup.com/CUPS/2010/wc10index.html


=World Cup 2010=

▪ GROUP A

Jun 11  @ Johannesburg    South Africa  v Mexico         1-1
Jun 11  @ Cape Town       Uruguay       v France         0-0
Jun 16  @ Pretoria        South Africa  v Uruguay        0-3
Jun 17  @ Polokwane       France        v Mexico         0-2
Jun 22  @ Rustenburg      Mexico        v Uruguay        0-1
Jun 22  @ Bloemfontein    France        v South Africa   1-2

<!--
              P  W  D  L   Gls  Pts
URUGUAY       3  2  1  0   4-0    7
MEXICO        3  1  1  1   3-2    4
South Africa  3  1  1  1   3-5    4
France        3  0  1  2   1-4    1 -->



▪ GROUP B

Jun 12  @ Port Elizabeth  South Korea   v Greece         2-0
Jun 12  @ Johannesburg    Argentina     v Nigeria        1-0
Jun 17  @ Johannesburg    Argentina     v South Korea    4-1
Jun 17  @ Bloemfontein    Greece        v Nigeria        2-1
Jun 22  @ Durban          Nigeria       v South Korea    2-2
Jun 22  @ Polokwane       Greece        v Argentina      0-2

<!--
              P  W  D  L   Gls  Pts
ARGENTINA     3  3  0  0   7-1    9
SOUTH KOREA   3  1  1  1   5-6    4
Greece        3  1  0  2   2-5    3
Nigeria       3  0  1  2   3-5    1  -->



▪ GROUP C

Jun 12  @ Rustenburg      England       v United States  1-1
Jun 13  @ Polokwane       Algeria       v Slovenia       0-1
Jun 18  @ Johannesburg    Slovenia      v United States  2-2
Jun 18  @ Cape Town       England       v Algeria        0-0
Jun 23  @ Port Elizabeth  Slovenia      v England        0-1
Jun 23  @ Pretoria        United States v Algeria        1-0

<!--
               P  W  D  L   Gls  Pts
UNITED STATES  3  1  2  0   4-3    5
ENGLAND        3  1  2  0   2-1    5
Slovenia       3  1  1  1   3-3    4
Algeria        3  0  1  2   0-2    1 -->



▪ GROUP D

Jun 13  @ Pretoria        Serbia        v Ghana          0-1
Jun 13  @ Durban          Germany       v Australia      4-0
Jun 18  @ Port Elizabeth  Germany       v Serbia         0-1
Jun 19  @ Rustenburg      Ghana         v Australia      1-1
Jun 23  @ Nelspruit       Australia     v Serbia         2-1
Jun 23  @ Johannesburg    Ghana         v Germany        0-1

<!--
              P  W  D  L   Gls  Pts
GERMANY       3  2  0  1   5-1    6
GHANA         3  1  1  1   2-2    4
Australia     3  1  1  1   3-6    4
Serbia        3  1  0  2   2-3    3 -->



▪ GROUP E

Jun 14  @ Johannesburg    Netherlands   v Denmark        2-0
Jun 14  @ Bloemfontein    Japan         v Cameroon       1-0
Jun 19  @ Durban          Netherlands   v Japan          1-0
Jun 19  @ Pretoria        Cameroon      v Denmark        1-2
Jun 24  @ Rustenburg      Denmark       v Japan          1-3
Jun 24  @ Cape Town       Cameroon      v Netherlands    1-2

<!--
              P  W  D  L   Gls  Pts
NETHERLANDS   3  3  0  0   5-1    9
JAPAN         3  2  0  1   4-2    6
Denmark       3  1  0  2   3-6    3
Cameroon      3  0  0  3   2-5    0 -->



▪ GROUP F

Jun 14  @ Cape Town       Italy         v Paraguay       1-1
Jun 15  @ Rustenburg      New Zealand   v Slovakia       1-1
Jun 20  @ Bloemfontein    Slovakia      v Paraguay       0-2
Jun 20  @ Nelspruit       Italy         v New Zealand    1-1
Jun 24  @ Johannesburg    Slovakia      v Italy          3-2
Jun 24  @ Polokwane       Paraguay      v New Zealand    0-0

<!--
              P  W  D  L   Gls  Pts
PARAGUAY      3  1  2  0   3-1    5
SLOVAKIA      3  1  1  1   4-5    4
New Zealand   3  0  3  0   2-2    3
Italy         3  0  2  1   4-5    2 -->



▪ GROUP G

Jun 15  @ Port Elizabeth  Côte d'Ivoire v Portugal       0-0
Jun 15  @ Johannesburg    Brazil        v North Korea    2-1
Jun 20  @ Johannesburg    Brazil        v Côte d'Ivoire  3-1
Jun 21  @ Cape Town       Portugal      v North Korea    7-0
Jun 25  @ Nelspruit       North Korea   v Côte d'Ivoire  0-3
Jun 25  @ Durban          Portugal      v Brazil         0-0

<!--
               P  W  D  L   Gls  Pts
BRAZIL         3  2  1  0   5- 2   7
PORTUGAL       3  1  2  0   7- 0   5
Côte d'Ivoire  3  1  1  1   4- 3   4
North Korea    3  0  0  3   1-12   0 -->



▪ GROUP H

Jun 16  @ Nelspruit       Honduras      v Chile          0-1
Jun 16  @ Durban          Spain         v Switzerland    0-1
Jun 21  @ Port Elizabeth  Chile         v Switzerland    1-0
Jun 21  @ Johannesburg    Spain         v Honduras       2-0
Jun 25  @ Pretoria        Chile         v Spain          1-2
Jun 25  @ Bloemfontein    Switzerland   v Honduras       0-0

<!--
              P  W  D  L   Gls  Pts
SPAIN         3  2  0  1   4-2    6
CHILE         3  2  0  1   3-2    6
Switzerland   3  1  1  1   1-1    4
Honduras      3  0  1  2   0-3    1 -->




▪ SECOND ROUND

Jun 26  @ Port Elizabeth  Uruguay       v South Korea    2-1
Jun 26  @ Rustenburg      United States v Ghana          1-2 aet
Jun 27  @ Bloemfontein    Germany       v England        4-1
Jun 27  @ Johannesburg    Argentina     v Mexico         3-1
Jun 28  @ Durban          Netherlands   v Slovakia       2-1
Jun 28  @ Johannesburg    Brazil        v Chile          3-0
Jun 29  @ Pretoria        Paraguay      v Japan          0-0 aet, 5-3 pen
Jun 29  @ Cape Town       Spain         v Portugal       1-0

▪ QUARTERFINALS

Jul 02  @ Port Elizabeth  Netherlands   v Brazil         2-1
Jul 02  @ Johannesburg    Uruguay       v Ghana          1-1 aet, 4-2 pen
Jul 03  @ Cape Town       Argentina     v Germany        0-4
Jul 03  @ Johannesburg    Paraguay      v Spain          0-1

▪ SEMIFINALS

Jul 06  @ Cape Town       Uruguay       v Netherlands    2-3
Jul 07  @ Durban          Germany       v Spain          0-1

▪ 3rd/4th PLACE PLAY-OFF

Jul 10  @ Port Elizabeth  Uruguay       v Germany        2-3

▪ WORLD CUP FINAL

Jul 11  @ Johannesburg    Netherlands   v Spain          0-1 aet


